page_views,fpl_points,age,page_views^2,page_views fpl_points,page_views age,fpl_points^2,fpl_points age,age^2,position_cat_2,position_cat_3,position_cat_4,new_signing_1,big_club_1,region_2,region_3,region_4
-0.3788674674828094,-0.7055165565112216,-0.6892537158262982,0.1435405579168376,0.2672972710325989,0.2611358097682256,0.4977536115114517,0.486279908152334,0.4750706847803594,0.0,0.0,1.0,0.0,0.0,0.0,0.0,0.0
-0.6498064385792066,-0.7829371895203552,-0.6892537158262982,0.4222484076189922,0.5087576267534353,0.4478815023585714,0.6129906427340326,0.5396423671355035,0.4750706847803594,0.0,1.0,0.0,1.0,0.0,1.0,0.0,0.0
-0.0904485627672898,0.533213571634916,0.0747383547281531,0.0081809425066683,-0.0482284012023914,-0.0067599767687533,0.2843167129756637,0.0398515050627158,0.0055858216674712,1.0,0.0,0.0,0.0,0.0,1.0,0.0,0.0
0.5584939728426294,1.6364575920150697,-0.4345896923081478,0.3119155177015436,0.9139517019529788,-0.2427157238136333,2.6779934504637604,-0.7111876013891616,0.1888682006604906,0.0,0.0,1.0,0.0,1.0,1.0,0.0,0.0
0.2711675639783049,2.352598447349556,-0.4345896923081478,0.073531847753928,0.6379483899869214,-0.1178466281932815,5.53471945447154,-1.0224150353582695,0.1888682006604906,0.0,0.0,0.0,0.0,0.0,1.0,0.0,0.0
-0.1756632391605115,-1.0926197215568896,-0.1799256687899973,0.030857573592363,0.1919331194593393,0.0316063257877722,1.193817855935055,0.196590334134264,0.0323732462895278,1.0,0.0,0.0,0.0,0.0,0.0,0.0,1.0
0.5224416097531894,-1.0926197215568896,-1.9625738334170504,0.2729452356015038,-0.570830006178263,-1.0253302327898917,1.193817855935055,2.144346875402975,3.851696051613297,0.0,0.0,0.0,0.0,0.0,0.0,0.0,0.0
-0.0281762992491662,-0.8022923477726386,-1.1985817628625992,0.0007939038393785,0.022605629276158,0.0337715984250098,0.6436730112945325,0.9616129765245026,1.436598242266816,0.0,1.0,0.0,0.0,1.0,1.0,0.0,0.0
-0.2608779155537332,-0.9377784555386224,-1.1985817628625992,0.0680572868236607,0.2446456887321151,0.3126835119163139,0.8794284316724039,1.1240041544140476,1.436598242266816,0.0,0.0,0.0,1.0,1.0,1.0,0.0,0.0
-0.6978762560317933,-0.8603578225294888,-1.4532457863807495,0.487031268732953,0.6004232960345457,1.0141857284933768,0.7402155827876833,1.2503113803706964,2.111923315633404,0.0,1.0,0.0,0.0,0.0,0.0,0.0,0.0
-0.462989648024836,-0.9764887720431892,-0.4345896923081478,0.2143594141781615,0.4521041928684804,0.2012105286769711,0.9535303219264156,0.4243719549846106,0.1888682006604906,1.0,0.0,0.0,1.0,0.0,1.0,0.0,0.0
3.6021874142723176,2.2945329725927053,0.5840664017644541,12.975754167541885,8.26533779550629,2.1039166415352355,5.264881562315116,1.3401596170321182,0.3411335616700767,0.0,0.0,0.0,0.0,1.0,0.0,1.0,0.0
-0.4935795318583001,-1.0926197215568896,-0.9439177393444488,0.2436207542694587,0.5392947306651958,0.465898475898378,1.193817855935055,1.0313431375351405,0.8909806986491348,0.0,0.0,1.0,0.0,1.0,0.0,1.0,0.0
-0.5711467372931558,-0.9571336137909058,0.5840664017644541,0.3262085955206171,0.5466637406702833,-0.3335876197303214,0.9161047546484388,-0.559029585814663,0.3411335616700767,0.0,0.0,0.0,0.0,0.0,0.0,0.0,1.0
-0.6465289510256212,-1.0926197215568896,-1.4532457863807495,0.4179996845142901,0.7064102824480822,0.9395654738511502,1.193817855935055,1.587845006469058,2.111923315633404,1.0,0.0,0.0,0.0,0.0,1.0,0.0,0.0
-0.6170315630433522,1.0751580026988512,-0.1799256687899973,0.3807279497917222,-0.6634064229238408,0.1110198166451125,1.1559647307673828,-0.1934485226905085,0.0323732462895278,0.0,1.0,0.0,0.0,0.0,0.0,0.0,0.0
0.7256458380754873,1.6945230667719198,-0.9439177393444488,0.5265618823162763,1.2296236109259546,-0.6849499790409219,2.8714084238221123,-1.599490382454373,0.8909806986491348,0.0,0.0,0.0,0.0,0.0,0.0,0.0,0.0
1.4270281745427735,-0.7055165565112216,0.3294023782463036,2.0364094109388806,-1.006792003747912,0.4700664745188708,0.4977536115114517,-0.232398831606939,0.1085059267943208,0.0,0.0,0.0,1.0,1.0,1.0,0.0,0.0
-0.3635725255660773,0.6880548376531832,-1.1985817628625992,0.1321849813464959,-0.2501578350535251,0.4357713986213964,0.4734194596179483,-0.8246899802604918,1.436598242266816,1.0,0.0,0.0,0.0,0.0,0.0,0.0,0.0
-0.6716563556031097,0.9009615784283006,0.3294023782463036,0.4511222600220509,-0.6051365703055777,-0.2212452008999093,0.8117317658040148,0.2967788866428258,0.1085059267943208,0.0,1.0,0.0,0.0,0.0,1.0,0.0,0.0
-0.2466754694881962,1.1912889522125516,0.0747383547281531,0.060848787247222,-0.2938617615831326,-0.0184361187413425,1.419169367663679,0.0890349762941915,0.0055858216674712,1.0,0.0,0.0,1.0,0.0,1.0,0.0,0.0
1.232563913030037,0.6493445211486164,-0.4345896923081478,1.5192137997039166,0.8003586238915542,-0.5356595717138505,0.4216483071457259,-0.2821984356479587,0.1888682006604906,0.0,1.0,0.0,1.0,1.0,1.0,0.0,0.0
0.0788882941679584,0.049334615327831,-1.7079098098989005,0.0062233629567303,0.003891923646645,-0.1347340914956464,0.002433904269545,-0.0842590734859912,2.9169559187488976,1.0,0.0,0.0,1.0,0.0,0.0,0.0,1.0
-0.6366964883648648,0.72676515415775,0.0747383547281531,0.4053824182961504,-0.462728821518189,-0.0475856480015826,0.5281875892979381,0.0543172318955028,0.0055858216674712,0.0,1.0,0.0,0.0,0.0,0.0,0.0,0.0
-0.0445637370170935,0.9590270531851508,0.3294023782463036,0.0019859266569286,-0.0427378293904212,-0.0146794009569734,0.919732888740994,0.315905792121733,0.1085059267943208,0.0,1.0,0.0,0.0,1.0,1.0,0.0,0.0
0.5716039230569712,-0.3764788662224038,0.0747383547281531,0.3267310448541198,-0.2151967968807666,0.0427207367654358,0.1417363367121066,-0.0281374110513829,0.0055858216674712,1.0,0.0,0.0,1.0,0.0,1.0,0.0,0.0
-0.2412129902322205,0.6106342046440496,-0.6892537158262982,0.0581837066567693,-0.1472929024402648,0.1662569498231305,0.372874131881271,-0.4208818945615474,0.4750706847803594,0.0,0.0,0.0,0.0,0.0,0.0,0.0,1.0
-0.4608046563224456,-0.2990582332132702,0.3294023782463036,0.2123409312884472,0.1378074263762387,-0.1517901496995841,0.0894358268526427,-0.0985104932545889,0.1085059267943208,1.0,0.0,0.0,0.0,0.0,1.0,0.0,0.0
-0.4935795318583001,-1.015199088547756,-0.9439177393444488,0.2436207542694587,0.5010814908683744,0.465898475898378,1.0306291893881945,0.9582644286465428,0.8909806986491348,0.0,1.0,0.0,0.0,0.0,0.0,0.0,1.0
1.836714118740955,0.7461203124100334,-1.4532457863807495,3.373518753982363,1.3704097120829206,-2.6691970538463248,0.5566955205908458,-1.0842962001429697,2.111923315633404,0.0,0.0,0.0,0.0,1.0,1.0,0.0,0.0
0.8873352240523695,1.2299992687171184,1.093394448800755,0.7873637998440688,1.091421676691355,0.970207408204235,1.512898201044646,1.344874372444285,1.1955114206683068,0.0,1.0,0.0,0.0,1.0,0.0,1.0,0.0
-0.6137540754897667,-0.7442268730157884,0.0747383547281531,0.3766940651802982,0.4567722764024451,-0.0458709698098038,0.5538736385188584,-0.0556222920336781,0.0055858216674712,0.0,0.0,0.0,0.0,0.0,0.0,1.0,0.0
-0.6126615796385716,-1.0926197215568896,2.8760426134278085,0.3753542111652298,0.6694061245533002,-1.762040810650527,1.193817855935055,-3.142420879469241,8.271621114252659,0.0,0.0,1.0,0.0,0.0,0.0,1.0,0.0
1.6182149485019248,1.1525786357079848,0.8387304252826046,2.618619619555087,1.865119977626616,1.3572461119556871,1.3284375114904796,0.9667027692990022,0.7034687262947387,0.0,0.0,0.0,0.0,1.0,1.0,0.0,0.0
-0.4509721936616893,-0.0474411759335859,0.5840664017644541,0.2033759194560362,0.0213946511806594,-0.2633977064478054,0.0022506651739614,-0.0277087969230039,0.3411335616700767,1.0,0.0,0.0,1.0,0.0,1.0,0.0,0.0
-0.5995516294242298,0.920316736680584,-0.1799256687899973,0.359462156345249,-0.551777399063234,0.1078747278982872,0.8469828958143993,-0.1655886043458819,0.0323732462895278,0.0,1.0,0.0,0.0,0.0,0.0,0.0,0.0
-0.0718761332969722,-0.5893856069975212,-0.4345896923081478,0.0051661785377241,0.0423627584518707,0.0312366266538305,0.3473753937358365,0.2561409095959037,0.1888682006604906,1.0,0.0,0.0,0.0,1.0,0.0,0.0,1.0
-0.3220576832206616,1.1332234774557013,-0.1799256687899973,0.10372115132146,-0.3649633277206448,0.0579464440424346,1.2841954498567922,-0.2038959920697435,0.0323732462895278,0.0,0.0,0.0,1.0,0.0,1.0,0.0,0.0
-0.6421589676208406,-0.8410026642772054,0.0747383547281531,0.4123681396958638,0.5400574026586266,-0.0479939047139109,0.7072854813213578,-0.0628551554500716,0.0055858216674712,1.0,0.0,0.0,0.0,0.0,0.0,0.0,0.0
-0.6388814800672551,-1.0926197215568896,-0.4345896923081478,0.4081695455729264,0.6980545048589377,0.2776513058438025,1.193817855935055,0.4748412686012228,0.1888682006604906,0.0,0.0,0.0,0.0,0.0,1.0,0.0,0.0
-0.558036787078814,-1.0926197215568896,-0.6892537158262982,0.3114050557332455,0.609721998916555,0.3846289290618414,1.193817855935055,0.7530922030681815,0.4750706847803594,1.0,0.0,0.0,0.0,0.0,1.0,0.0,0.0
-0.8147733121096743,-1.0926197215568896,-0.1799256687899973,0.6638555501261687,0.890237389409257,0.1465986330935744,1.193817855935055,0.196590334134264,0.0323732462895278,0.0,1.0,0.0,0.0,0.0,0.0,1.0,0.0
-0.1177609590471685,-1.0926197215568896,-0.4345896923081478,0.0138676434757089,0.1286679462843896,0.0511776989582213,1.193817855935055,0.4748412686012228,0.1888682006604906,0.0,0.0,0.0,0.0,0.0,0.0,0.0,1.0
-0.4837470691975438,-0.6474510817543714,-0.1799256687899973,0.2340112269572132,0.3132025632474565,0.0870385149505692,0.4191929032649057,0.1164930688934625,0.0323732462895278,1.0,0.0,0.0,0.0,0.0,1.0,0.0,0.0
0.8436353900045636,-0.3764788662224038,-0.1799256687899973,0.7117206712681521,-0.3176108951340135,-0.1517916617614813,0.1417363367121066,0.0677382117903659,0.0323732462895278,0.0,0.0,0.0,0.0,1.0,0.0,0.0,0.0
1.714354583407098,0.5719238881394828,1.8573865193552064,2.939011637648925,0.9804803389919308,3.184219092615155,0.3270969338245836,1.0622837199274904,3.4498846822824483,1.0,0.0,0.0,0.0,1.0,0.0,0.0,1.0
-0.3996248886555172,-1.0926197215568896,-1.7079098098989005,0.1597000516329345,0.4366380345699943,0.6825232676145137,1.193817855935055,1.8660959409360167,2.9169559187488976,0.0,0.0,0.0,0.0,1.0,0.0,0.0,0.0
-0.6050141086802054,-0.1055066506904361,2.3667145663915075,0.3660420717021034,0.063833012227308,-1.4318957038858169,0.0111316533399137,-0.2497041270402359,5.601337838769741,0.0,1.0,0.0,0.0,0.0,1.0,0.0,0.0
1.0970944274818384,1.2299992687171184,-0.1799256687899973,1.203616182811703,1.3494253435162868,-0.197395448590449,1.512898201044646,-0.2213084410351352,0.0323732462895278,0.0,0.0,0.0,0.0,0.0,0.0,0.0,1.0
-0.6356039925136697,0.629989362896333,1.3480584723189055,0.4039924352993171,-0.4004237542980524,-0.8568313471477746,0.3968865973625275,0.8492624981231912,1.8172616447907808,0.0,1.0,0.0,0.0,0.0,0.0,0.0,0.0
0.0078760638402736,1.2299992687171184,0.3294023782463036,6.203238161606688e-05,0.0096875527639059,0.0025943941602058,1.512898201044646,0.405164684356633,0.1085059267943208,0.0,1.0,0.0,0.0,1.0,1.0,0.0,0.0
0.4503368835743094,0.3783723056166488,0.8387304252826046,0.2028033087074211,0.1703950049422278,0.3777112458807233,0.1431656016576586,0.3173523648050115,0.7034687262947387,1.0,0.0,0.0,0.0,1.0,1.0,0.0,0.0
0.2045253170554007,-0.5893856069975212,1.3480584723189055,0.0418306053166121,-0.1205442781390578,0.2757120864602433,0.3473753937358365,-0.7945262609758292,1.8172616447907808,1.0,0.0,0.0,0.0,1.0,0.0,0.0,0.0
-0.615939067192157,1.5009714842490858,0.8387304252826046,0.3793809344935444,-0.9245069758904092,-0.5166068357742486,2.252915396528904,1.258910451321298,0.7034687262947387,0.0,1.0,0.0,0.0,0.0,0.0,0.0,0.0
-0.6170315630433522,-0.144216967195003,0.0747383547281531,0.3807279497917222,0.0889864206857045,-0.0461159238372008,0.0207985336269245,-0.0107785388520385,0.0055858216674712,1.0,0.0,0.0,0.0,0.0,0.0,0.0,0.0
-0.4608046563224456,-0.8022923477726386,-2.2172378569352014,0.2123409312884472,0.3697000495854988,1.021713528650141,0.6436730112945325,1.7788729658109164,4.916143714226605,0.0,1.0,0.0,0.0,1.0,1.0,0.0,0.0
-0.6214015464481327,-0.1829272836995698,-0.1799256687899973,0.3861398819281308,0.1136712969784689,0.1118060888318188,0.0334623911217028,0.0329133138595826,0.0323732462895278,0.0,0.0,0.0,1.0,0.0,1.0,0.0,0.0
-0.5984591335730346,-0.8022923477726386,0.8387304252826046,0.3581533345569873,0.480139183320289,-0.5019458836159704,0.6436730112945325,-0.6729070020483244,0.7034687262947387,0.0,1.0,0.0,1.0,0.0,0.0,1.0,0.0
-0.6803963224126709,-0.8603578225294888,-1.7079098098989005,0.4629391555526872,0.5853842984080375,1.1620555536677355,0.7402155827876833,1.469413565121371,2.9169559187488976,0.0,0.0,0.0,0.0,0.0,0.0,0.0,0.0
-0.7361136108236235,-1.0926197215568896,0.3294023782463036,0.541863248039793,0.804292248492344,-0.2424775740647755,1.193817855935055,-0.3599115347996534,0.1085059267943208,1.0,0.0,0.0,0.0,0.0,0.0,0.0,0.0
-0.3460925919469549,-0.0861514924381527,-0.4345896923081478,0.1197800822005614,0.0298163933180187,0.1504082730443565,0.007422079649321,0.0374405505905845,0.1888682006604906,1.0,0.0,0.0,0.0,0.0,0.0,0.0,0.0
0.9976773050230796,-0.0861514924381527,-1.7079098098989005,0.995360004958115,-0.0859513887994125,-1.703942856362415,0.007422079649321,0.147138979072552,2.9169559187488976,0.0,0.0,0.0,0.0,1.0,0.0,0.0,1.0
-0.0074188780764584,-0.337768549717837,-0.6892537158262982,5.5039751913355126e-05,0.0025058636884188,0.0051134892814612,0.1140875931784909,0.2328082279822789,0.4750706847803594,0.0,0.0,0.0,1.0,0.0,0.0,0.0,1.0
-0.5536668036740334,0.823540945419167,1.3480584723189055,0.3065469294906207,-0.4559672829449218,-0.7463752255345089,0.6782196887818954,1.1101813487738297,1.8172616447907808,1.0,0.0,0.0,0.0,0.0,1.0,0.0,0.0
-0.2619704114049284,0.72676515415775,-0.9439177393444488,0.0686284964516674,-0.1903909664294719,0.2472785185084752,0.5281875892979381,-0.6860065213469032,0.8909806986491348,0.0,1.0,0.0,1.0,0.0,0.0,0.0,0.0
-0.6148465713409619,-1.0926197215568896,1.3480584723189055,0.3780363062897365,0.67179348957877,-0.828849129672414,1.193817855935055,-1.4729152726674886,1.8172616447907808,0.0,1.0,0.0,0.0,0.0,1.0,0.0,0.0
-0.3220576832206616,-1.0926197215568896,-0.6892537158262982,0.10372115132146,0.3518865761658162,0.2219794548702499,1.193817855935055,0.7530922030681815,0.4750706847803594,0.0,1.0,0.0,0.0,1.0,1.0,0.0,0.0
-0.4717296148343972,0.4170826221212156,0.3294023782463036,0.2225288295118087,-0.1967502246873614,-0.1553888570156632,0.1739579136755087,0.1373880076519327,0.1085059267943208,0.0,1.0,0.0,0.0,0.0,0.0,0.0,1.0
0.0930907402334954,-0.0861514924381527,0.0747383547281531,0.0086658859172201,-0.008019906203288,0.0069574487654773,0.007422079649321,-0.0064388208022024,0.0055858216674712,0.0,1.0,0.0,0.0,1.0,0.0,0.0,0.0
-0.747038569335575,-1.0926197215568896,-0.4345896923081478,0.5580666240749427,0.8162290736196931,0.3246552619898665,1.193817855935055,0.4748412686012228,0.1888682006604906,0.0,1.0,0.0,0.0,0.0,0.0,0.0,0.0
0.7485882509505855,1.4235508512399522,1.093394448800755,0.5603843694612567,1.065653441868933,0.8185022380268366,2.0264970260659925,1.556502598331353,1.1955114206683068,0.0,0.0,0.0,0.0,1.0,1.0,0.0,0.0
-0.5951816460194491,-1.0926197215568896,0.3294023782463036,0.3542411917584208,0.6503072043495417,-0.1960542496873561,1.193817855935055,-0.3599115347996534,0.1085059267943208,0.0,0.0,0.0,0.0,0.0,0.0,0.0,0.0
-0.2761728574704653,-1.0926197215568896,1.602722495837056,0.0762714472034019,0.3017519106309503,-0.4426284514075157,1.193817855935055,-1.7511662071344474,2.568719398662162,0.0,0.0,0.0,0.0,0.0,0.0,0.0,0.0
0.5355515599675312,0.7074099959054666,-0.9439177393444488,0.2868154733836562,0.3788545268437975,-0.5055166177869451,0.5004289023069722,-0.6677368441247538,0.8909806986491348,1.0,0.0,0.0,0.0,1.0,0.0,0.0,0.0
-0.6334190008112794,0.2041758813460982,0.8387304252826046,0.4012196305887596,-0.1293288827520078,-0.5312677879325268,0.0416877905234559,0.1712485237938635,0.7034687262947387,0.0,1.0,0.0,0.0,0.0,1.0,0.0,0.0
7.554837403896371,0.3783723056166488,1.093394448800755,57.07556819931165,2.858541247071168,8.260417279012598,0.1431656016576586,0.4137101785411865,1.1955114206683068,0.0,0.0,0.0,0.0,0.0,0.0,0.0,0.0
-0.1996981478868048,-1.0345542468000393,-1.4532457863807495,0.0398793502694201,0.2065985669743962,0.2902104919645389,1.0703024895719966,1.5034615999444674,2.111923315633404,0.0,1.0,0.0,0.0,1.0,0.0,1.0,0.0
-0.1461658511782424,-1.015199088547756,-1.4532457863807495,0.0213644560506601,0.1483874388929587,0.2124149073375366,1.0306291893881945,1.475333797769604,2.111923315633404,1.0,0.0,0.0,0.0,1.0,1.0,0.0,0.0
-0.4422322268521281,-0.0474411759335859,-1.7079098098989005,0.1955693424665921,0.0209800168775933,0.7552927584941855,0.0022506651739614,0.0810252497701111,2.9169559187488976,0.0,1.0,0.0,0.0,0.0,0.0,0.0,0.0
1.6728397410616824,0.8816064201760172,0.5840664017644541,2.798392799275317,1.474786255645565,0.977049488290478,0.7772298800955721,0.5149166896046479,0.3411335616700767,0.0,0.0,0.0,0.0,1.0,1.0,0.0,0.0
-0.7262811481628672,-1.0926197215568896,0.3294023782463036,0.5274843061767726,0.79354910587773,-0.2392387374803044,1.193817855935055,-0.3599115347996534,0.1085059267943208,0.0,1.0,0.0,0.0,0.0,1.0,0.0,0.0
0.1029232028942517,1.4816163259968025,0.3294023782463036,0.0105931856940113,0.1524926977320047,0.0339031478100933,2.195186937460264,0.4880479414318974,0.1085059267943208,0.0,1.0,0.0,0.0,0.0,1.0,0.0,0.0
-0.725188652311672,-1.0926197215568896,-0.6892537158262982,0.525898581441619,0.792355423364995,0.4998389732808853,1.193817855935055,0.7530922030681815,0.4750706847803594,0.0,0.0,0.0,0.0,0.0,0.0,0.0,0.0
-0.5831641916563025,0.8816064201760172,0.0747383547281531,0.3400804744301487,-0.5141212953809536,-0.0435847322207654,0.7772298800955721,0.0658898133617323,0.0055858216674712,0.0,1.0,0.0,0.0,0.0,0.0,0.0,0.0
-0.6716563556031097,-1.0926197215568896,-0.1799256687899973,0.4511222600220509,0.7338649802409849,0.1208482189789418,1.193817855935055,0.196590334134264,0.0323732462895278,1.0,0.0,0.0,0.0,0.0,1.0,0.0,0.0
0.4547068669790901,1.113868319203418,0.3294023782463036,0.2067583348779399,0.5064835736522513,0.1497815233878378,1.2407026325250474,0.3669108733988187,0.1085059267943208,0.0,0.0,0.0,0.0,1.0,0.0,1.0,0.0
-0.564591762185985,-0.4926098157361042,0.0747383547281531,0.3187638579282758,0.2781234439365604,-0.0421966593988492,0.2426644305595585,-0.0368168471510551,0.0055858216674712,0.0,1.0,0.0,0.0,0.0,1.0,0.0,0.0
-0.5416493493108868,-1.0926197215568896,0.5840664017644541,0.2933840176089071,0.5918167612255316,-0.3163591864700675,1.193817855935055,-0.6381624692666122,0.3411335616700767,1.0,0.0,0.0,0.0,0.0,1.0,0.0,0.0
1.6422498572282185,2.759056770647507,-0.1799256687899973,2.6969845935661034,4.531060587680417,-0.2954829038820648,7.612394263655849,-0.496425134688323,0.0323732462895278,0.0,0.0,0.0,0.0,1.0,1.0,0.0,0.0
-0.7448535776331847,-1.0926197215568896,0.8387304252826046,0.5548068521129548,0.8138417085942233,-0.6247313579415505,1.193817855935055,-0.9164134037335708,0.7034687262947387,0.0,1.0,0.0,0.0,0.0,0.0,0.0,0.0
2.534818967654656,2.333243289097272,-0.1799256687899973,6.425307198781816,5.914349345356701,-0.4560789980168346,5.444024246117455,-0.4198103592405998,0.0323732462895278,0.0,1.0,0.0,1.0,1.0,1.0,0.0,0.0
-0.5416493493108868,-1.0926197215568896,0.8387304252826046,0.2933840176089071,0.5918167612255316,-0.4542977891015661,1.193817855935055,-0.9164134037335708,0.7034687262947387,0.0,0.0,0.0,0.0,0.0,0.0,0.0,1.0
0.1007382111918614,-0.5893856069975212,-0.9439177393444488,0.010148187194136,-0.0593736517511597,-0.0950885845738255,0.3473753937358365,0.5563315297592559,0.8909806986491348,0.0,0.0,0.0,0.0,0.0,0.0,0.0,0.0
-0.0675061498921916,0.9977373696897176,-0.1799256687899973,0.004557080273267,-0.0673534084313151,0.0121460891667903,0.9954798588753562,-0.1795185635181952,0.0323732462895278,0.0,0.0,0.0,0.0,0.0,0.0,0.0,0.0
-0.5296318949477401,0.339661989112082,1.3480584723189055,0.280509944145934,-0.1798958229351506,-0.7139747631946176,0.1153702668475761,0.457884222147234,1.8172616447907808,0.0,0.0,0.0,0.0,0.0,0.0,0.0,0.0
-0.1374258843686812,0.2235310395983816,1.8573865193552064,0.0188858736945141,-0.0307189508006583,-0.2552529850368559,0.0499661256639332,0.4151835396074888,3.4498846822824483,0.0,0.0,1.0,1.0,0.0,1.0,0.0,0.0
-0.6651013804959387,-1.0926197215568896,-0.4345896923081478,0.4423598463376034,0.7267028851645754,0.2890462043034543,1.193817855935055,0.4748412686012228,0.1888682006604906,0.0,1.0,0.0,0.0,0.0,0.0,0.0,0.0
-0.2237330566130981,-1.0539094050523228,0.3294023782463036,0.0500564806214397,0.2357943725856479,-0.0736982009406694,1.110725034057741,-0.347160264480382,0.1085059267943208,0.0,0.0,1.0,0.0,1.0,0.0,1.0,0.0
1.569052635198143,2.275177814340422,-0.4345896923081478,2.461926172022237,3.5698737451351907,-0.6818941019460495,5.17643408686686,-0.9887688262805282,0.1888682006604906,0.0,0.0,0.0,0.0,1.0,0.0,0.0,1.0
-0.6017366211266201,-0.531320132240671,-0.9439177393444488,0.3620869612048815,0.3197147811110503,0.5679898710946063,0.2823010829242441,0.5015224980928077,0.8909806986491348,0.0,1.0,0.0,0.0,0.0,0.0,0.0,0.0
-0.6279565215553037,-1.0926197215568896,-0.1799256687899973,0.3943293929638365,0.6861176797315889,0.1129854971118784,1.193817855935055,0.196590334134264,0.0323732462895278,0.0,0.0,0.0,0.0,0.0,1.0,0.0,0.0
-0.6246790340017182,-0.4151891827269706,-0.1799256687899973,0.3902238955213198,0.2593599775938468,0.1123957929718486,0.1723820574534897,0.0747031913765226,0.0323732462895278,0.0,1.0,0.0,1.0,0.0,1.0,0.0,0.0
-0.0500262162730692,0.0106242988232642,0.8387304252826046,0.0025026223145998,-0.0005314934706823,-0.0419585096499909,0.000112875725486,0.0089109226703658,0.7034687262947387,0.0,0.0,0.0,0.0,0.0,1.0,0.0,0.0
-0.4433247227033233,-0.7635820312680718,-1.7079098098989005,0.1965368097599785,0.3385147922731583,0.7571586428757155,0.5830575184754746,1.3041292418652686,2.9169559187488976,0.0,0.0,0.0,1.0,0.0,0.0,0.0,0.0
-0.1472583470294376,-0.337768549717837,-0.4345896923081478,0.0216850207698422,0.049739238309979,0.0639969597253297,0.1140875931784909,0.1467907300932441,0.1888682006604906,1.0,0.0,0.0,0.0,0.0,1.0,0.0,0.0
-0.0795236042553383,-0.337768549717837,-0.4345896923081478,0.0063240036337596,0.0268605724776608,0.0345601387045623,0.1140875931784909,0.1467907300932441,0.1888682006604906,0.0,0.0,0.0,0.0,0.0,0.0,0.0,1.0
-0.5482043244180577,-0.2216376002041366,0.5840664017644541,0.300527981310659,0.1215026908855482,-0.3201877271945684,0.0491232258242486,-0.1294510756469387,0.3411335616700767,0.0,1.0,0.0,0.0,0.0,1.0,0.0,0.0
-0.0478412245706789,0.4557929386257824,0.0747383547281531,0.0022887827684221,-0.0218056923345257,-0.0035755744125926,0.2077472029011262,0.034065214329601,0.0055858216674712,1.0,0.0,0.0,1.0,0.0,0.0,0.0,1.0
0.0646858481024215,-0.0280860176813025,-0.4345896923081478,0.0041842589447295,-0.0018167678735346,-0.0281118028235229,0.0007888243891944,0.0122058937822784,0.1888682006604906,0.0,1.0,0.0,0.0,1.0,0.0,0.0,0.0
0.0166160306498348,-1.0926197215568896,-0.6892537158262982,0.0002760924745562,-0.0181550027820033,-0.0114526608676823,1.193817855935055,0.7530922030681815,0.4750706847803594,0.0,1.0,0.0,0.0,0.0,0.0,1.0,0.0
-0.7011537435853787,-1.0926197215568896,0.0747383547281531,0.491616572143791,0.7660944080848273,-0.0524030772070565,1.193817855935055,-0.0816606003326947,0.0055858216674712,0.0,1.0,0.0,0.0,0.0,1.0,0.0,0.0
-0.0019563988204826,-1.0926197215568896,-0.4345896923081478,3.827496344785911e-06,0.0021375999344899,0.0008502307614255,1.193817855935055,0.4748412686012228,0.1888682006604906,1.0,0.0,0.0,0.0,0.0,0.0,0.0,0.0
-0.0445637370170935,-0.2603479167087034,0.0747383547281531,0.0019859266569286,0.0116020760931548,-0.0033306203851956,0.0677810377345619,-0.0194579749517107,0.0055858216674712,0.0,0.0,0.0,1.0,0.0,1.0,0.0,0.0
-0.5908116626146686,0.3590171473643654,0.3294023782463036,0.3490584206815089,-0.2121115177415162,-0.1946147667609245,0.1288933121016464,0.1182611021730256,0.1085059267943208,0.0,1.0,0.0,1.0,0.0,0.0,0.0,0.0
-0.5951816460194491,-0.1248618089427195,0.3294023782463036,0.3542411917584208,0.0743154569714938,-0.1960542496873561,0.0155904713324482,-0.0411297768178674,0.1085059267943208,1.0,0.0,0.0,0.0,0.0,0.0,0.0,0.0
0.8414503983021732,0.5138584133826326,-0.9439177393444488,0.7080387728028859,0.4323863666117389,-0.7942599577358733,0.2640504690041165,-0.4850400719032598,0.8909806986491348,1.0,0.0,0.0,0.0,1.0,0.0,0.0,0.0
-0.3155027081134907,-1.0926197215568896,-1.7079098098989005,0.0995419588269465,0.3447244810894068,0.5388501702367002,1.193817855935055,1.8660959409360167,2.9169559187488976,0.0,1.0,0.0,0.0,1.0,0.0,0.0,0.0
-0.7601485195499168,-1.0926197215568896,-1.4532457863807495,0.5778257717739302,0.8305532637725119,1.1046826330594817,1.193817855935055,1.587845006469058,2.111923315633404,0.0,1.0,0.0,0.0,0.0,0.0,0.0,0.0
-0.0511187121242644,-1.073264563304606,1.3480584723189055,0.0026131227292434,0.0548639022447425,-0.0689110129731458,1.1518968228454267,-1.4468233876024246,1.8172616447907808,0.0,1.0,0.0,0.0,1.0,1.0,0.0,0.0
0.3749546698418441,0.7654754706623168,-1.1985817628625992,0.1405910044362063,0.2870186023742192,-0.4494138291726013,0.5859526961856955,-0.9174849390545176,1.436598242266816,0.0,0.0,0.0,0.0,1.0,1.0,0.0,0.0
-0.317687699815881,-0.0861514924381527,0.5840664017644541,0.1009254746143053,0.027369269468382,-0.1855507117162876,0.007422079649321,-0.0503181921949894,0.3411335616700767,0.0,1.0,0.0,0.0,0.0,1.0,0.0,0.0
-0.1549058179878036,0.1267552483369646,1.093394448800755,0.0239958124464705,-0.0196351254278846,-0.1693731614748046,0.0160668929809655,0.1385934848879982,1.1955114206683068,0.0,0.0,0.0,0.0,0.0,0.0,0.0,1.0
-0.3220576832206616,-0.0861514924381527,0.3294023782463036,0.10372115132146,0.0277457500606338,-0.1060865667853806,0.007422079649321,-0.0283785064985959,0.1085059267943208,0.0,0.0,0.0,0.0,0.0,1.0,0.0,0.0
-0.5045044903702517,-0.9377784555386224,0.5840664017644541,0.2545247808037474,0.4731134417917144,-0.2946641223645626,0.8794284316724039,-0.5477248881786703,0.3411335616700767,0.0,0.0,0.0,0.0,0.0,0.0,0.0,1.0
3.7922816923802736,3.242935726954592,-0.1799256687899973,14.381400434362591,12.298125786895811,-0.6823288197415838,10.516632129158506,-0.5834873795152812,0.0323732462895278,0.0,0.0,0.0,0.0,1.0,1.0,0.0,0.0
-0.558036787078814,0.533213571634916,1.093394448800755,0.3114050557332455,-0.2975527883419676,-0.610154325218584,0.2843167129756637,0.5830127592508408,1.1955114206683068,1.0,0.0,0.0,0.0,0.0,1.0,0.0,0.0
-0.6716563556031097,-1.0926197215568896,1.093394448800755,0.4511222600220509,0.7338649802409849,-0.734385330718186,1.193817855935055,-1.1946643382005298,1.1955114206683068,0.0,0.0,1.0,0.0,0.0,1.0,0.0,0.0
-0.2018831395891951,0.3977274638689322,0.0747383547281531,0.0407568020503904,-0.0802944691067082,-0.0150884137002505,0.1581871355156127,0.0297254962797649,0.0055858216674712,1.0,0.0,0.0,0.0,0.0,0.0,0.0,0.0
0.4743717923006028,-1.0926197215568896,-0.1799256687899973,0.2250285973304862,-0.5183079756179273,-0.0853516619847956,1.193817855935055,0.196590334134264,0.0323732462895278,0.0,0.0,0.0,0.0,1.0,1.0,0.0,0.0
-0.1396108760710715,0.8428961036714504,0.5840664017644541,0.0194911967173321,-0.1176774634704639,-0.0815420220340139,0.7104738415845124,0.4923072943326623,0.3411335616700767,0.0,1.0,0.0,0.0,1.0,0.0,1.0,0.0
1.4477855957154817,1.7912988580333369,-1.1985817628625992,2.096083131161232,2.593416684282256,-1.73528941155974,3.2087515987915367,-2.147018143075358,1.436598242266816,0.0,0.0,0.0,0.0,1.0,0.0,0.0,0.0
-0.5197994322869838,-1.0926197215568896,0.0747383547281531,0.2701914498058706,0.5679431109708335,-0.0388489543577572,1.193817855935055,-0.0816606003326947,0.0055858216674712,0.0,1.0,0.0,0.0,0.0,1.0,0.0,0.0
-0.3406301126909791,-0.434544340979254,-0.6892537158262982,0.1160288736718691,0.1480188878369905,0.2347805708945881,0.1888287842770941,0.2995113017112408,0.4750706847803594,0.0,0.0,0.0,0.0,0.0,0.0,0.0,1.0
4.047925721559939,2.700991295890657,0.3294023782463036,16.385702647266555,10.9334121403453,1.3333963596462284,7.295353980477088,0.8897129564889478,0.1085059267943208,0.0,0.0,0.0,0.0,1.0,1.0,0.0,0.0
2.4463268037078487,2.023560757060737,0.8387304252826046,5.984514830539459,4.950290918929029,2.0518087204541184,4.094798137516225,1.6972219743547416,0.7034687262947387,0.0,0.0,0.0,0.0,0.0,0.0,0.0,0.0
3.8294265513209087,0.2041758813460982,-1.7079098098989005,14.664507711961548,0.781876541166096,-6.540315173288295,0.0416877905234559,-0.348713990695755,2.9169559187488976,0.0,0.0,0.0,1.0,1.0,0.0,1.0,0.0
-0.747038569335575,-1.0926197215568896,-0.1799256687899973,0.5580666240749427,0.8162290736196931,0.1344114141996261,1.193817855935055,0.196590334134264,0.0323732462895278,0.0,1.0,0.0,0.0,0.0,1.0,0.0,0.0
-0.1680157682021454,0.4170826221212156,1.3480584723189055,0.028229298364557,-0.0700764571594611,-0.2264950798080715,0.1739579136755087,0.5622517624074893,1.8172616447907808,1.0,0.0,0.0,0.0,1.0,0.0,1.0,0.0
-0.7787209490202344,-1.0926197215568896,-1.4532457863807495,0.6064063164429745,0.8508458664890053,1.1316729379300745,1.193817855935055,1.587845006469058,2.111923315633404,0.0,0.0,1.0,0.0,0.0,0.0,0.0,0.0
1.7962917722467344,1.268709585221685,0.3294023782463036,3.226664131041314,2.27897258930428,0.5917027818023418,1.60962401163338,0.4179159546759044,0.1085059267943208,0.0,0.0,0.0,0.0,1.0,0.0,0.0,0.0
0.9736423962967864,0.2622413561029484,0.0747383547281531,0.9479795158665484,0.2553293023641936,0.0727684307927982,0.0687705288507134,0.019599487496814,0.0055858216674712,0.0,1.0,0.0,0.0,1.0,1.0,0.0,0.0
-0.3570175504589064,-1.015199088547756,-0.6892537158262982,0.1274615313356778,0.3624438918214342,0.2460756732690041,1.0306291893881945,0.699729744085012,0.4750706847803594,0.0,1.0,0.0,0.0,0.0,0.0,0.0,0.0
-0.1702007599045357,0.0299794570755476,-1.4532457863807495,0.0289682986720814,-0.0051025263757836,0.2473435371700682,0.0008987678465446,-0.0435675196730221,2.111923315633404,0.0,0.0,0.0,0.0,0.0,0.0,0.0,0.0
-0.6847663058174515,-1.0926197215568896,0.0747383547281531,0.4689048935828794,0.7481891703938037,-0.0511783070700716,1.193817855935055,-0.0816606003326947,0.0055858216674712,1.0,0.0,0.0,0.0,0.0,0.0,0.0,0.0
-0.5656842580371801,-1.0926197215568896,-0.4345896923081478,0.319998679791075,0.6180777765056994,0.245840547643941,1.193817855935055,0.4748412686012228,0.1888682006604906,0.0,0.0,0.0,0.0,0.0,0.0,0.0,1.0
-0.0303612909515565,1.0364476861942844,0.5840664017644541,0.000921807988245,-0.0314678897566122,-0.0177330099589993,1.0742238062174858,0.6053542706925897,0.3411335616700767,0.0,0.0,1.0,0.0,1.0,1.0,0.0,0.0
-0.6913212809246223,-0.6474510817543714,-0.6892537158262982,0.4779251134592605,0.4475967111744643,0.4764957617070921,0.4191929032649057,0.4462580639149568,0.4750706847803594,0.0,1.0,0.0,0.0,0.0,0.0,0.0,0.0
0.4514293794255046,-0.1635721254472864,-0.9439177393444488,0.2037884846084962,-0.0738412630819792,-0.4261121993009897,0.0267558402233427,0.1543986308719691,0.8909806986491348,0.0,0.0,0.0,1.0,1.0,1.0,0.0,0.0
-0.448787201959299,0.8816064201760172,0.5840664017644541,0.2014099526424566,-0.3956536785401489,-0.2621215262063052,0.7772298800955721,0.5149166896046479,0.3411335616700767,0.0,1.0,0.0,0.0,0.0,0.0,0.0,1.0
-0.2892828076848071,1.0945131609511345,1.8573865193552064,0.0836845428220051,-0.3166238402479174,-0.5373099872749855,1.197959059495244,2.0329339904074923,3.4498846822824483,0.0,0.0,1.0,0.0,0.0,0.0,0.0,0.0
-0.3023927578991489,-0.628095923502088,0.8387304252826046,0.0914413800298533,0.1899316585330092,-0.2536260064351329,0.3945044891199407,-0.5268031610371765,0.7034687262947387,0.0,0.0,0.0,0.0,0.0,1.0,0.0,0.0
-0.761241015401112,-1.0926197215568896,-0.6892537158262982,0.579487883528916,0.8317469462852469,0.5246881985046008,1.193817855935055,0.7530922030681815,0.4750706847803594,0.0,1.0,0.0,0.0,0.0,0.0,0.0,0.0
-0.6345114966624745,-0.531320132240671,-1.1985817628625992,0.4026048393968534,0.337128732314932,0.7605139082262949,0.2823010829242441,0.6368306207454127,1.436598242266816,0.0,1.0,0.0,0.0,0.0,1.0,0.0,0.0
-0.2543229404465623,0.8428961036714504,-0.9439177393444488,0.0646801580373857,-0.2143678155766737,0.240059935009752,0.7104738415845124,-0.7956245846797996,0.8909806986491348,0.0,0.0,0.0,0.0,0.0,1.0,0.0,0.0
-0.2259180483154884,0.146110406589248,2.112050542873357,0.0510389645546793,-0.0330089778952253,-0.4771503365896166,0.0213482509136753,0.3085925635562682,4.460757495651642,0.0,0.0,1.0,0.0,1.0,0.0,1.0,0.0
0.8206929771294653,2.042915915313021,0.5840664017644541,0.673536962709625,1.67660674456341,0.4793391941053642,4.173505437039239,1.1931985477642126,0.3411335616700767,0.0,0.0,0.0,0.0,1.0,1.0,0.0,0.0
3.911363740160545,4.017142057045928,0.3294023782463036,15.298766307842689,15.712503781003385,1.2884125181952406,16.13743030648719,1.3232561473441768,0.1085059267943208,0.0,0.0,0.0,0.0,1.0,0.0,1.0,0.0
-0.7273736440140623,-1.0926197215568896,-1.4532457863807495,0.5290724180062959,0.794742788390465,1.0570526832878475,1.193817855935055,1.587845006469058,2.111923315633404,0.0,1.0,0.0,0.0,0.0,1.0,0.0,0.0
-0.5307243907989353,0.0106242988232642,1.093394448800755,0.281668378988901,-0.0056385745206427,-0.5802911027427183,0.000112875725486,0.0116165493557574,1.1955114206683068,0.0,1.0,0.0,1.0,0.0,1.0,0.0,0.0
-0.3198726915182713,0.6686996794008998,1.093394448800755,0.1023185387791431,-0.2138987662673709,-0.3497470252290341,0.4471592612308662,0.7311525173717884,1.1955114206683068,1.0,0.0,0.0,0.0,0.0,1.0,0.0,0.0
-0.3165952039646859,0.242886197850665,0.8387304252826046,0.100232523173441,-0.0768966053487383,-0.2655380300637339,0.0589937051063523,0.2037160440185631,0.7034687262947387,0.0,0.0,1.0,0.0,0.0,1.0,0.0,0.0
0.1608254830075947,-0.2216376002041366,0.3294023782463036,0.0258648359846261,-0.0356449741054744,0.0529762965853121,0.0491232258242486,-0.073007952616046,0.1085059267943208,0.0,0.0,0.0,1.0,0.0,0.0,0.0,1.0
-0.631234009108889,-1.0926197215568896,-0.1799256687899973,0.398456374255681,0.6896987272697934,0.1135752012519081,1.193817855935055,0.196590334134264,0.0323732462895278,0.0,1.0,0.0,0.0,0.0,0.0,0.0,1.0
0.2493176469544018,-0.8603578225294888,-1.1985817628625992,0.0621592890828797,-0.214502387851865,-0.2988275847993621,0.7402155827876833,1.031209195620022,1.436598242266816,1.0,0.0,0.0,0.0,0.0,0.0,0.0,0.0
-0.1636457847973648,1.365485376483102,1.3480584723189055,0.0267799428819454,-0.2234559260639024,-0.220604086655364,1.864550313389199,1.840754130595616,1.8172616447907808,0.0,1.0,0.0,1.0,0.0,1.0,0.0,0.0
3.189223982520551,0.3783723056166488,-1.9625738334170504,10.171149610684244,1.2067140313942115,-6.25908753700095,0.1431656016576586,-0.7425835862929143,3.851696051613297,0.0,0.0,0.0,0.0,1.0,0.0,0.0,0.0
-0.5252619115429595,-1.0539094050523228,0.8387304252826046,0.2759000757177638,0.5535784686908862,-0.4405531464531803,1.110725034057741,-0.8839458835088714,0.7034687262947387,0.0,0.0,1.0,0.0,0.0,1.0,0.0,0.0
-0.0325462826539468,0.8816064201760172,-0.9439177393444488,0.0010592605145906,-0.0286930117405828,0.0307210135467789,0.7772298800955721,-0.8321639391240984,0.8909806986491348,0.0,0.0,1.0,0.0,0.0,0.0,0.0,0.0
-0.0565811913802401,-1.0539094050523228,0.8387304252826046,0.0032014312180073,0.0596314497447005,-0.0474563667093452,1.110725034057741,-0.8839458835088714,0.7034687262947387,0.0,0.0,1.0,0.0,0.0,1.0,0.0,0.0
-0.5886266709122783,-0.2022824419518532,0.0747383547281531,0.3464813577092715,0.1190688403901255,-0.0439929889330937,0.0409181863220048,-0.0151182569018746,0.0055858216674712,0.0,1.0,0.0,0.0,0.0,0.0,0.0,0.0
-0.3679425089708579,-0.7829371895203552,-1.4532457863807495,0.1353816899077699,0.2880758738787116,0.5347109007922606,0.6129906427340326,1.1378001716712427,2.111923315633404,0.0,0.0,0.0,1.0,0.0,0.0,0.0,0.0
1.779904334478807,1.2493544269694017,0.8387304252826046,3.168059439896445,2.223731359863124,1.492859919419761,1.560886484188042,1.047871569860751,0.7034687262947387,1.0,0.0,0.0,0.0,1.0,1.0,0.0,0.0
-0.6749338431566951,-0.821647506024922,-1.4532457863807495,0.4555356926382663,0.5545577089615145,0.980844763653233,0.6751046241569743,1.1940557760209696,2.111923315633404,0.0,0.0,0.0,0.0,0.0,1.0,0.0,0.0
-0.5602217787812044,0.339661989112082,0.5840664017644541,0.3138484414207767,-0.1902860437247326,-0.3272067185228201,0.1153702668475761,0.1983851557968509,0.3411335616700767,0.0,1.0,0.0,1.0,0.0,0.0,0.0,1.0
0.9310350581001756,1.017092527942001,0.8387304252826046,0.8668262794115972,0.9469488008457352,0.7808874302333746,1.0344772103954498,0.8530664485125538,0.7034687262947387,0.0,0.0,1.0,0.0,0.0,1.0,0.0,0.0
-0.5809791999539122,0.0880449318323978,0.8387304252826046,0.3375368307790879,-0.0511522740559832,-0.4872849314576921,0.0077519100213715,0.0738459631197649,0.7034687262947387,0.0,1.0,0.0,0.0,0.0,0.0,0.0,0.0
-0.6498064385792066,-0.24099275845642,0.8387304252826046,0.4222484076189922,0.1565986460959452,-0.5450124305809126,0.0580775096284343,-0.2021279587901811,0.7034687262947387,1.0,0.0,0.0,0.0,0.0,0.0,0.0,0.0
-0.2794503450240507,1.4816163259968025,-0.6892537158262982,0.078092495334061,-0.4140381934930729,0.192612188696768,2.195186937460264,-1.0212095581222045,0.4750706847803594,0.0,0.0,0.0,0.0,0.0,0.0,1.0,0.0
1.1615516827023522,0.629989362896333,-1.4532457863807495,1.349202311588666,0.7317652045568184,-1.6880200885506629,0.3968865973625275,-0.915529387093789,2.111923315633404,0.0,0.0,0.0,0.0,1.0,0.0,0.0,1.0
0.1214956323645693,-0.918423297286339,-1.9625738334170504,0.0147611886836665,-0.1115844192821566,-0.2384441489531614,0.843501352998311,1.8024735312547773,3.851696051613297,1.0,0.0,0.0,0.0,1.0,1.0,0.0,0.0
-0.3843299467387852,-0.9377784555386224,-0.4345896923081478,0.1477095079602374,0.360416343869939,0.1670258332980154,0.8794284316724039,0.4075488504457399,0.1888682006604906,0.0,1.0,0.0,0.0,1.0,1.0,0.0,0.0
0.6295062031703141,-0.5119649739883876,-0.1799256687899973,0.3962780598299048,-0.3222851269316185,-0.1132643246128707,0.2621081345909303,0.0921156403419142,0.0323732462895278,0.0,0.0,0.0,0.0,0.0,1.0,0.0,0.0
-0.7055237269901593,-1.0926197215568896,1.3480584723189055,0.4977637293460848,0.7708691381357669,-0.9510872375910948,1.193817855935055,-1.4729152726674886,1.8172616447907808,0.0,0.0,1.0,0.0,0.0,1.0,0.0,0.0
-0.259785419702538,1.3461302182308186,0.8387304252826046,0.0674884642900238,-0.3497050037173623,-0.2178899355493296,1.8120665644341512,1.1290403704224998,0.7034687262947387,0.0,1.0,0.0,0.0,1.0,1.0,0.0,0.0
-0.2270105441666835,-1.0926197215568896,1.8573865193552064,0.0515337871628537,0.2480361975578797,-0.4216463244866877,1.193817855935055,-2.0294171416014057,3.4498846822824483,0.0,0.0,0.0,0.0,0.0,1.0,0.0,0.0
-0.6552689178351824,-0.9958439302954726,-1.4532457863807495,0.429377354680891,0.6525455745374491,0.9522667937902524,0.991705133506334,1.4472059955947405,2.111923315633404,0.0,0.0,0.0,0.0,0.0,1.0,0.0,0.0
-0.5820716958051073,0.7074099959054666,0.5840664017644541,0.3388074590574333,-0.411763335946179,-0.3399685209378229,0.5004289023069722,0.4131744108807131,0.3411335616700767,1.0,0.0,0.0,0.0,0.0,1.0,0.0,0.0
-0.4793770857927632,-0.1055066506904361,0.5840664017644541,0.2298023903831622,0.0505774707397363,-0.2799880495873092,0.0111316533399137,-0.0616228898309822,0.3411335616700767,0.0,0.0,0.0,0.0,0.0,0.0,0.0,1.0
0.6611885828549734,0.1267552483369646,-1.9625738334170504,0.437170342097768,0.0838091230173478,-1.2976314116652723,0.0160668929809655,-0.2487665336344068,3.851696051613297,1.0,0.0,0.0,0.0,0.0,0.0,0.0,0.0
-0.484839565048739,-0.5700304487452378,0.8387304252826046,0.2350694038366504,0.2763733148341786,-0.4066496945871619,0.3249347124966971,-0.4781018807001272,0.7034687262947387,0.0,1.0,0.0,0.0,0.0,0.0,0.0,1.0
-0.6738413473054999,-1.0926197215568896,0.5840664017644541,0.4540621613384913,0.7362523452664547,-0.3935680910808352,1.193817855935055,-0.6381624692666122,0.3411335616700767,0.0,0.0,1.0,0.0,0.0,0.0,0.0,0.0
-0.5787942082515218,-0.918423297286339,-1.1985817628625992,0.335002735505506,0.5315780851925986,0.6937321824607714,0.843501352998311,1.1008054147155413,1.436598242266816,0.0,1.0,0.0,0.0,0.0,0.0,0.0,0.0
-0.4116423430186639,-0.9377784555386224,-0.6892537158262982,0.1694494185658953,0.3860293206703424,0.2837260145170577,0.8794284316724039,0.6463672851018425,0.4750706847803594,0.0,0.0,1.0,0.0,1.0,0.0,1.0,0.0
0.4514293794255046,-0.2603479167087034,0.0747383547281531,0.2037884846084962,-0.1175286984745329,0.0337390890942134,0.0677810377345619,-0.0194579749517107,0.0055858216674712,1.0,0.0,0.0,1.0,1.0,1.0,0.0,0.0
0.9332200498025658,0.7848306289146002,0.0747383547281531,0.8708996613535034,0.7324196786022622,0.0697473311215688,0.6159591160824869,0.0586569499453389,0.0055858216674712,1.0,0.0,0.0,0.0,1.0,1.0,0.0,0.0
-0.4760995982391778,-0.8603578225294888,0.5840664017644541,0.2266708274435065,0.4096160136482234,-0.2780737792250588,0.7402155827876833,-0.5025060976346993,0.3411335616700767,0.0,0.0,0.0,0.0,0.0,0.0,0.0,0.0
-0.2051606271427805,-1.0539094050523228,-0.4345896923081478,0.042090882929619,0.2162207144922093,0.0891606938237276,1.110725034057741,0.4580181640623521,0.1888682006604906,0.0,1.0,0.0,0.0,1.0,0.0,0.0,0.0
0.636061178277485,0.2235310395983816,2.3667145663915075,0.4045738225117425,0.1421794164285377,1.5053752557454692,0.0499661256639332,0.5290341674581266,5.601337838769741,1.0,0.0,0.0,0.0,0.0,0.0,0.0,0.0
-0.4739146065367874,0.9783822114374342,0.0747383547281531,0.224595054288918,-0.4636696207759636,-0.0354195979741995,0.9572317516572042,0.0731226767781258,0.0055858216674712,0.0,0.0,0.0,0.0,0.0,0.0,0.0,0.0
-0.5034119945190565,-0.3571237079701204,-1.4532457863807495,0.2534236362256545,0.1797803581192793,0.7315813598483479,0.1275373427943278,0.5189885238242469,2.111923315633404,1.0,0.0,0.0,1.0,0.0,1.0,0.0,0.0
-0.3515550712029306,0.6880548376531832,1.093394448800755,0.1235909680884976,-0.2418891674426857,-0.3843883633010385,0.4734194596179483,0.7523153399604952,1.1955114206683068,0.0,0.0,0.0,0.0,0.0,0.0,0.0,0.0
1.174661632916694,1.5977472755105029,1.093394448800755,1.3798299518465138,1.8768124236393664,1.2843685086503434,2.5527963564012346,1.7469680016297142,1.1955114206683068,1.0,0.0,0.0,0.0,1.0,0.0,0.0,0.0
-0.2455829736370011,0.8041857871668836,-0.1799256687899973,0.0603109969403919,-0.1974943369690557,0.0441866807750737,0.6467147802812202,-0.144693665587412,0.0323732462895278,0.0,1.0,0.0,0.0,0.0,1.0,0.0,0.0
-0.3504625753517355,-1.0926197215568896,-0.6892537158262982,0.1228240167221709,0.3829223214969237,0.2415576323192377,1.193817855935055,0.7530922030681815,0.4750706847803594,0.0,0.0,0.0,0.0,0.0,1.0,0.0,0.0
-0.6661938763471339,-1.0926197215568896,-0.9439177393444488,0.4438142808824203,0.7278965676773104,0.6288322177267018,1.193817855935055,1.0313431375351405,0.8909806986491348,1.0,0.0,0.0,0.0,0.0,0.0,0.0,0.0
-0.2674328906609041,-0.3958340244746872,-1.4532457863807495,0.0715203510072471,0.1058590373872046,0.3886457214925827,0.1566845749318272,0.5752441281739737,2.111923315633404,0.0,0.0,0.0,0.0,0.0,0.0,0.0,0.0
-0.7929233950857713,-1.0926197215568896,0.8387304252826046,0.628727510474346,0.8663637391545589,-0.6650489763768156,1.193817855935055,-0.9164134037335708,0.7034687262947387,0.0,1.0,0.0,0.0,0.0,1.0,0.0,0.0
-0.3865149384411754,-0.9764887720431892,-1.4532457863807495,0.1493937976381856,0.3774274976147723,0.5617012056628531,0.9535303219264156,1.419078193419877,2.111923315633404,0.0,0.0,1.0,0.0,1.0,1.0,0.0,0.0
-0.631234009108889,-0.1055066506904361,1.602722495837056,0.398456374255681,0.0665993861029751,-1.0116929465362297,0.0111316533399137,-0.1690978825219843,2.568719398662162,1.0,0.0,0.0,0.0,0.0,0.0,0.0,0.0
0.5377365516699215,-0.9958439302954726,-2.4719018804533515,0.2891605990018581,-0.5355016810785092,-1.32923199326138,0.991705133506334,2.461628483935435,6.110298906588815,0.0,0.0,0.0,0.0,1.0,0.0,0.0,0.0
-0.6694713639007194,-0.9958439302954726,0.3294023782463036,0.4481919070830894,0.666688994247163,-0.2205254594366935,0.991705133506334,-0.3280333590014748,0.1085059267943208,1.0,0.0,0.0,1.0,0.0,1.0,0.0,0.0
-0.4334922600425669,0.3783723056166488,-0.4345896923081478,0.1879155395168124,-0.1640214658992779,0.1883912679098627,0.1431656016576586,-0.1644367038758638,0.1888682006604906,1.0,0.0,0.0,1.0,0.0,1.0,0.0,0.0
0.657911095301388,-1.0926197215568896,-0.1799256687899973,0.4328470093206721,-0.7188466377573909,-0.1183750938264619,1.193817855935055,0.196590334134264,0.0323732462895278,0.0,0.0,0.0,0.0,0.0,0.0,0.0,0.0
-0.6137540754897667,0.242886197850665,1.602722495837056,0.3766940651802982,-0.1490723938110594,-0.9836774636991238,0.0589937051063523,0.3892791732235908,2.568719398662162,0.0,1.0,0.0,0.0,0.0,1.0,0.0,0.0
0.5530314935866536,-0.4732546574838208,-0.6892537158262982,0.3058438328986849,-0.2617247300751176,-0.3811790119235686,0.2239699708301285,0.3261925312028255,0.4750706847803594,0.0,0.0,1.0,0.0,1.0,1.0,0.0,0.0
-0.0696911415945819,-0.9764887720431892,-1.4532457863807495,0.004856855216756,0.0680526172779813,0.1012783578703904,0.9535303219264156,1.419078193419877,2.111923315633404,1.0,0.0,0.0,0.0,0.0,0.0,0.0,0.0
0.5322740724139458,0.3203068308597986,0.0747383547281531,0.2833156881641264,0.1704910212837499,0.0397812884366721,0.1025964658954476,0.0239392055466501,0.0055858216674712,1.0,0.0,0.0,0.0,1.0,0.0,0.0,0.0
-0.3144102122622956,-1.0926197215568896,1.8573865193552064,0.0988537815748217,0.3435307985766719,-0.5839812898035969,1.193817855935055,-2.0294171416014057,3.4498846822824483,1.0,0.0,0.0,0.0,0.0,0.0,0.0,0.0
-0.6519914302815969,0.6686996794008998,1.093394448800755,0.4250928251606424,-0.4359864604014379,-0.7128838105355625,0.4471592612308662,0.7311525173717884,1.1955114206683068,0.0,1.0,0.0,0.0,0.0,1.0,0.0,0.0
-0.1603682972437794,1.4041956929876689,-0.1799256687899973,0.0257179907608691,-0.2251884722814812,0.0288543731343,1.97176554420512,-0.2526508491728401,0.0323732462895278,0.0,1.0,0.0,0.0,1.0,0.0,0.0,0.0
-0.7088012145437448,-1.0926197215568896,1.8573865193552064,0.5023991617386877,0.7744501856739716,-1.316517820796149,1.193817855935055,-2.0294171416014057,3.4498846822824483,0.0,0.0,1.0,0.0,0.0,1.0,0.0,0.0
-0.295837782791978,-0.2990582332132702,0.3294023782463036,0.0875199937272735,0.0884727246395001,-0.0974496692267909,0.0894358268526427,-0.0985104932545889,0.1085059267943208,1.0,0.0,0.0,0.0,0.0,0.0,0.0,1.0
0.2744450515318903,0.4557929386257824,-0.4345896923081478,0.0753200863103419,0.1250901165290245,-0.1192709905007379,0.2077472029011262,-0.1980829129536052,0.1888682006604906,0.0,0.0,0.0,0.0,0.0,1.0,0.0,0.0
-0.5591292829300092,-0.1635721254472864,1.3480584723189055,0.3126255550298262,0.0914579652086787,-0.7537389669753933,0.0267558402233427,-0.2205047895444252,1.8172616447907808,1.0,0.0,0.0,0.0,0.0,1.0,0.0,0.0
0.9146476203322482,-0.2990582332132702,-0.1799256687899973,0.8365802693794445,-0.2735329013492841,-0.1645685847954593,0.0894358268526427,0.0538082526180526,0.0323732462895278,1.0,0.0,0.0,1.0,1.0,1.0,0.0,0.0
-0.6651013804959387,0.146110406589248,0.8387304252826046,0.4423598463376034,-0.0971782331273317,-0.557840763719406,0.0213482509136753,0.1225472434568142,0.7034687262947387,0.0,0.0,0.0,0.0,0.0,0.0,0.0,0.0
-0.4859320608999341,0.242886197850665,0.3294023782463036,0.2361299678104572,-0.1180261906857228,-0.1600671765265659,0.0589937051063523,0.0800072912152112,0.1085059267943208,1.0,0.0,0.0,0.0,0.0,0.0,1.0,0.0
-0.7284661398652574,-1.0926197215568896,-0.1799256687899973,0.5306629169301889,0.7959364709031997,0.1310697574061242,1.193817855935055,0.196590334134264,0.0323732462895278,0.0,1.0,0.0,0.0,0.0,0.0,0.0,1.0
-0.2051606271427805,0.049334615327831,1.093394448800755,0.042090882929619,-0.0101215206205056,-0.2243214908303978,0.002433904269545,0.053942194533171,1.1955114206683068,1.0,0.0,0.0,0.0,0.0,1.0,0.0,0.0
0.7365707965874388,1.7332333832764866,1.3480584723189055,0.5425365383854542,1.2766490937919035,0.992940502802382,3.004097960904056,2.3364999468318284,1.8172616447907808,0.0,0.0,0.0,1.0,0.0,1.0,0.0,0.0
0.1291431033229353,0.8041857871668836,1.602722495837056,0.0166779411358783,0.1038550482029289,0.2069805568778777,0.6467147802812202,1.2888866519247952,2.568719398662162,0.0,1.0,0.0,1.0,0.0,1.0,0.0,0.0
-0.3690350048220531,0.7461203124100334,0.0747383547281531,0.1361868347840127,-0.2753445130880684,-0.0275810690974963,0.5566955205908458,0.0557638045787815,0.0055858216674712,1.0,0.0,0.0,1.0,0.0,1.0,0.0,0.0
-0.5045044903702517,0.4751480968780658,0.0747383547281531,0.2545247808037474,-0.2397143484658635,-0.0377058355632379,0.2257657139668478,0.0355117870128797,0.0055858216674712,0.0,0.0,0.0,0.0,0.0,0.0,0.0,0.0
-0.3854224425899803,0.6493445211486164,-0.6892537158262982,0.1485504592520266,-0.2502719514235209,0.265653850717992,0.4216483071457259,-0.4475631240531321,0.4750706847803594,0.0,1.0,0.0,0.0,1.0,1.0,0.0,0.0
-0.5012270028166662,1.2493544269694017,0.0747383547281531,0.2512285083525783,-0.6262101748856067,-0.037460881535841,1.560886484188042,0.0933746943440276,0.0055858216674712,0.0,0.0,0.0,0.0,0.0,1.0,0.0,0.0
-0.0380087619099226,0.242886197850665,0.0747383547281531,0.0014446659819251,-0.0092318036653122,-0.0028407123304017,0.0589937051063523,0.0181529148135353,0.0055858216674712,1.0,0.0,0.0,0.0,0.0,0.0,0.0,0.0
-0.3013002620479538,-0.9377784555386224,0.8387304252826046,0.0907818479101656,0.2825528943967123,-0.2527096969252405,0.8794284316724039,-0.7865433228347728,0.7034687262947387,0.0,0.0,0.0,0.0,0.0,0.0,1.0,0.0
-0.2936527910895877,0.9590270531851508,1.8573865193552064,0.086231961714705,-0.281620970898242,-0.5454267355408309,0.919732888740994,1.7812839202830475,3.4498846822824483,0.0,0.0,1.0,1.0,0.0,0.0,0.0,0.0
-0.2849128242800265,0.2815965143552318,-0.6892537158262982,0.0811753174392212,-0.0802304582123601,0.1963772228215734,0.0792965968970162,-0.194091443883077,0.4750706847803594,0.0,1.0,0.0,0.0,0.0,0.0,0.0,0.0
-0.4793770857927632,0.3977274638689322,1.3480584723189055,0.2298023903831622,-0.1906614325692352,-0.6462283419384813,0.1581871355156127,0.5361598773424254,1.8172616447907808,1.0,0.0,0.0,0.0,0.0,1.0,0.0,0.0
-0.4160123264234445,-1.0926197215568896,-0.9439177393444488,0.1730662557362465,0.4545432722610178,0.3926814146970426,1.193817855935055,1.0313431375351405,0.8909806986491348,0.0,0.0,0.0,0.0,0.0,1.0,0.0,0.0
-0.4291222766377863,-0.0667963341858693,-1.1985817628625992,0.1841459283067968,0.0286637949968986,0.5143381348161299,0.0044617502606703,0.0800608679812586,1.436598242266816,1.0,0.0,0.0,0.0,0.0,0.0,0.0,1.0
-0.4389547392985427,0.7461203124100334,0.0747383547281531,0.1926812631526515,-0.3275130472192934,-0.0328067550152984,0.5566955205908458,0.0557638045787815,0.0055858216674712,1.0,0.0,0.0,0.0,0.0,0.0,0.0,0.0
-0.0008639029692875,-1.0926197215568896,-0.6892537158262982,7.46328340343762e-07,0.000943917421755,0.0005954483316947,1.193817855935055,0.7530922030681815,0.4750706847803594,0.0,0.0,0.0,0.0,1.0,0.0,0.0,0.0
-0.2477679653393914,0.9009615784283006,0.8387304252826046,0.0613889646484218,-0.2232294171361465,-0.2078105309405133,0.8117317658040148,0.7556638878384553,0.7034687262947387,0.0,0.0,0.0,0.0,0.0,1.0,0.0,0.0
-0.6192165547457424,0.1074000900846812,1.602722495837056,0.383429141671187,-0.0665039137616186,-0.9924323020857194,0.0115347793501976,0.1721325404336449,2.568719398662162,1.0,0.0,0.0,0.0,0.0,1.0,0.0,0.0
-0.7601485195499168,-1.073264563304606,-1.7079098098989005,0.5778257717739302,0.8158404688813843,1.298265113519429,1.1518968228454267,1.833039076284796,2.9169559187488976,0.0,1.0,0.0,0.0,0.0,0.0,0.0,0.0
-0.6323265049600842,-1.0926197215568896,-1.4532457863807495,0.3998368088750354,0.6908924097825284,0.9189258289501088,1.193817855935055,1.587845006469058,2.111923315633404,0.0,0.0,0.0,0.0,0.0,0.0,0.0,0.0
-0.7568710319963313,-1.0926197215568896,0.3294023782463036,0.5728537590751915,0.8269722162343072,-0.2493151179653256,1.193817855935055,-0.3599115347996534,0.1085059267943208,0.0,0.0,1.0,0.0,0.0,1.0,0.0,0.0
-0.3537400629053209,0.2815965143552318,0.8387304252826046,0.1251320321042604,-0.0996119687019388,-0.2966925534000751,0.0792965968970162,0.2361835642432626,0.7034687262947387,1.0,0.0,0.0,0.0,0.0,0.0,0.0,0.0
-0.6978762560317933,-1.0926197215568896,0.3294023782463036,0.487031268732953,0.7625133605466226,-0.2298820984584989,1.193817855935055,-0.3599115347996534,0.1085059267943208,1.0,0.0,0.0,0.0,0.0,1.0,0.0,0.0
-0.4859320608999341,0.629989362896333,0.0747383547281531,0.2361299678104572,-0.3061320294572516,-0.0363177627413217,0.3968865973625275,0.0470843684791093,0.0055858216674712,0.0,0.0,1.0,0.0,0.0,1.0,0.0,0.0
7.304655853972681,1.1332234774557013,-0.6892537158262982,53.35799714497736,8.277807508456068,-5.0347611901829925,1.2841954498567922,-0.7810784926979414,0.4750706847803594,1.0,0.0,0.0,1.0,1.0,1.0,0.0,0.0
-0.2182705773571223,-0.0861514924381527,-0.1799256687899973,0.0476420449398115,0.0188043359946533,0.039272479608159,0.007422079649321,0.015500864894191,0.0323732462895278,1.0,0.0,0.0,0.0,1.0,1.0,0.0,0.0
-0.5831641916563025,-1.0926197215568896,2.3667145663915075,0.3400804744301487,0.6371766967094579,-1.3801831869909,1.193817855935055,-2.585919010535324,5.601337838769741,0.0,0.0,0.0,0.0,0.0,0.0,1.0,0.0
-0.2117156022499514,1.1332234774557013,1.093394448800755,0.0448234962360596,-0.2399210910133181,-0.2314886642246055,1.2841954498567922,1.2390602595007514,1.1955114206683068,0.0,1.0,0.0,0.0,1.0,1.0,0.0,0.0
-0.6782113307102805,-0.4926098157361042,0.3294023782463036,0.4599706091038095,0.3340935586513293,-0.2234044252895567,0.2426644305595585,-0.1622668448509461,0.1085059267943208,0.0,1.0,0.0,0.0,0.0,1.0,0.0,0.0
-0.4608046563224456,-0.628095923502088,0.5840664017644541,0.2123409312884472,0.2894295261669087,-0.2691405175345567,0.3945044891199407,-0.3668497260027863,0.3411335616700767,0.0,0.0,0.0,0.0,0.0,0.0,0.0,1.0
0.9965848091718844,1.5396818007536526,-0.1799256687899973,0.9931812818721616,1.5344234935895025,-0.1793111882962032,2.3706200475720105,-0.2770282777243883,0.0323732462895278,0.0,0.0,0.0,1.0,0.0,1.0,0.0,0.0
0.6699285496645346,1.0945131609511345,-0.6892537158262982,0.4488042616556268,0.7332456145047389,-0.4617507421944032,1.197959059495244,-0.7543972632063567,0.4750706847803594,0.0,1.0,0.0,0.0,0.0,0.0,0.0,0.0
-0.2586929238513429,-0.0087308594290191,1.3480584723189055,0.0669220288507567,0.002258611553428,-0.3487331877267522,7.62279063692934e-05,-0.0117697090239147,1.8172616447907808,0.0,1.0,0.0,0.0,0.0,0.0,0.0,0.0
-0.63778898421606,-0.0474411759335859,0.8387304252826046,0.4067747883873536,0.0302574594086972,-0.5349330259720964,0.0022506651739614,-0.0397903576666834,0.7034687262947387,1.0,0.0,0.0,0.0,0.0,0.0,1.0,0.0
-0.7295586357164526,-1.0926197215568896,-0.1799256687899973,0.5322558029484517,0.7971301534159347,0.1312663254528007,1.193817855935055,0.196590334134264,0.0323732462895278,0.0,1.0,0.0,0.0,0.0,0.0,0.0,0.0
0.359659727925112,0.049334615327831,-0.9439177393444488,0.1293551198911656,0.0177436743260977,-0.3394891973163113,0.002433904269545,-0.0465678185716742,0.8909806986491348,0.0,1.0,0.0,1.0,1.0,0.0,0.0,0.0
-0.6869512975198417,-0.918423297286339,-2.2172378569352014,0.4719020851641941,0.6309120757433019,1.5231344227317498,0.843501352998311,2.036362903434524,4.916143714226605,0.0,1.0,0.0,0.0,0.0,0.0,0.0,0.0
-0.3417226085421743,1.2299992687171184,2.621378589909658,0.1167743411888681,-0.4203185586109805,-0.895784329720535,1.512898201044646,3.22429374861959,6.871625711636747,0.0,0.0,1.0,0.0,0.0,1.0,0.0,0.0
-0.6356039925136697,-1.0926197215568896,0.5840664017644541,0.4039924352993171,0.6944734573207332,-0.3712349368545801,1.193817855935055,-0.6381624692666122,0.3411335616700767,1.0,0.0,0.0,0.0,0.0,0.0,0.0,1.0
-0.725188652311672,-1.0926197215568896,-0.1799256687899973,0.525898581441619,0.792355423364995,0.1304800532660944,1.193817855935055,0.196590334134264,0.0323732462895278,0.0,0.0,0.0,0.0,0.0,1.0,0.0,0.0
-0.4302147724889815,-1.0539094050523228,-0.6892537158262982,0.1850847504677461,0.4534073949185829,0.296527130541396,1.110725034057741,0.7264109735765968,0.4750706847803594,0.0,1.0,0.0,0.0,1.0,1.0,0.0,0.0
-0.3144102122622956,-0.8022923477726386,1.093394448800755,0.0988537815748217,0.2522489073596107,-0.3437743807338611,0.6436730112945325,-0.8772219993699277,1.1955114206683068,1.0,0.0,0.0,0.0,0.0,1.0,0.0,0.0
-0.3144102122622956,-0.3958340244746872,-1.7079098098989005,0.0988537815748217,0.1244542596557251,0.5369842858551701,0.1566845749318272,0.6760488134920797,2.9169559187488976,0.0,0.0,0.0,1.0,0.0,0.0,0.0,1.0
0.5508465018842633,0.920316736680584,-0.9439177393444488,0.3034318686381297,0.5069532550260404,-0.5199537847843915,0.8469828958143993,-0.8687032935683972,0.8909806986491348,1.0,0.0,0.0,0.0,1.0,1.0,0.0,0.0
-0.6803963224126709,-1.0926197215568896,-0.1799256687899973,0.4629391555526872,0.7434144403428642,0.1224207633523544,1.193817855935055,0.196590334134264,0.0323732462895278,0.0,0.0,0.0,0.0,0.0,1.0,0.0,0.0
-0.0467487287194838,1.3461302182308186,-0.9439177393444488,0.0021854436368878,-0.062929876393172,0.044126954330122,1.8120665644341512,-1.2706361924556837,0.8909806986491348,0.0,0.0,0.0,1.0,0.0,0.0,0.0,0.0
-0.586441679209888,-1.0926197215568896,0.3294023782463036,0.3439138431145132,0.6407577442476625,-0.1931752838344929,1.193817855935055,-0.3599115347996534,0.1085059267943208,0.0,0.0,0.0,0.0,0.0,1.0,0.0,0.0
0.1291431033229353,0.8041857871668836,0.0747383547281531,0.0166779411358783,0.1038550482029289,0.009651943066844,0.6467147802812202,0.0601035226286176,0.0055858216674712,0.0,1.0,0.0,0.0,1.0,1.0,0.0,0.0
-0.2838203284288313,-0.2216376002041366,0.0747383547281531,0.0805539788294497,0.062905256482116,-0.0212122643851749,0.0491232258242486,-0.0165648295851533,0.0055858216674712,0.0,1.0,0.0,0.0,1.0,0.0,0.0,0.0
-0.4957645235606905,0.1654655648415314,0.8387304252826046,0.2457824628213584,-0.0820319569193623,-0.4158127896860857,0.027378853148327,0.138781003569164,0.7034687262947387,0.0,0.0,0.0,0.0,0.0,0.0,0.0,1.0
-0.3002077661967586,-0.5506752904929544,-1.4532457863807495,0.0901247028848476,0.1653169988586409,0.4362756712642167,0.3032432755594997,0.8002665455728813,2.111923315633404,0.0,0.0,0.0,1.0,0.0,0.0,0.0,1.0
0.2165427714185473,-0.2216376002041366,-1.1985817628625992,0.0468907718536252,-0.0479940201987597,-0.2595442167019953,0.0491232258242486,0.26565078556931,1.436598242266816,0.0,1.0,0.0,0.0,1.0,0.0,0.0,0.0
-0.5471118285668626,-0.7442268730157884,-0.6892537158262982,0.299331352957776,0.4071753253642662,0.3770988608122307,0.5538736385188584,0.5129611376439187,0.4750706847803594,0.0,0.0,0.0,0.0,0.0,0.0,0.0,0.0
-0.5394643576084965,-1.0926197215568896,2.112050542873357,0.2910217931299478,0.5894293962000617,-1.139375989347852,1.193817855935055,-2.3076680760683645,4.460757495651642,1.0,0.0,0.0,0.0,0.0,0.0,0.0,0.0
-0.4455097144057136,-1.0926197215568896,0.3294023782463036,0.1984789056298604,0.4867727001048602,-0.1467519594570735,1.193817855935055,-0.3599115347996534,0.1085059267943208,0.0,0.0,0.0,0.0,0.0,1.0,0.0,0.0
-0.5427418451620819,-0.7635820312680718,1.602722495837056,0.2945687104899412,0.4144279205830438,-0.8698645646733809,0.5830575184754746,-1.223810098930293,2.568719398662162,0.0,0.0,1.0,0.0,1.0,1.0,0.0,0.0
-0.5766092165491316,-0.6474510817543714,-1.1985817628625992,0.3324781886094032,0.3733262610042758,0.6911132912542803,0.4191929032649057,0.7760230589364513,1.436598242266816,1.0,0.0,0.0,0.0,0.0,0.0,0.0,0.0
1.0118797510886166,1.2106441104648349,-1.1985817628625992,1.0239006306631606,1.2250262611540568,-1.212820615864762,1.4656591622031914,-1.4510559521201651,1.436598242266816,0.0,1.0,0.0,0.0,1.0,1.0,0.0,0.0
-0.7219111647580866,-1.0926197215568896,1.093394448800755,0.5211557298023772,0.7887743758267904,-0.7893336600737791,1.193817855935055,-1.1946643382005298,1.1955114206683068,0.0,1.0,0.0,0.0,0.0,1.0,0.0,0.0
0.105108194596642,0.629989362896333,0.0747383547281531,0.0110477325713655,0.0662170445491223,0.0078556135325995,0.3968865973625275,0.0470843684791093,0.0055858216674712,0.0,0.0,0.0,1.0,0.0,0.0,0.0,1.0
0.3432722901571847,0.3977274638689322,0.0747383547281531,0.1178358651897584,0.1365288173806973,0.0256556061901131,0.1581871355156127,0.0297254962797649,0.0055858216674712,0.0,1.0,0.0,0.0,1.0,0.0,1.0,0.0
-0.4422322268521281,-1.0926197215568896,-0.4345896923081478,0.1955693424665921,0.4831916525666554,0.1921895673964134,1.193817855935055,0.4748412686012228,0.1888682006604906,0.0,0.0,1.0,0.0,0.0,0.0,0.0,1.0
-0.2816353367264411,1.5203266425013693,1.3480584723189055,0.0793184628930158,-0.4281777058950528,-0.3796609017784667,2.3113930998994863,2.0494892111161267,1.8172616447907808,0.0,1.0,0.0,0.0,0.0,0.0,0.0,0.0
2.6921383702267576,2.120336548322155,1.8573865193552064,7.247609004447183,5.708239379532235,5.000341517098075,4.495827078150709,3.9382845213497193,3.4498846822824483,0.0,0.0,0.0,0.0,0.0,0.0,0.0,0.0
0.5803438898665323,1.7912988580333369,-0.1799256687899973,0.3367990305054177,1.039569347184544,-0.1044187625124243,3.2087515987915367,-0.3223006450344066,0.0323732462895278,1.0,0.0,0.0,1.0,1.0,1.0,0.0,0.0
0.1313280950253256,2.1977571813312884,0.0747383547281531,0.0172470685429809,0.2886272639524673,0.0098152457517753,4.83013662809325,0.1642567558246838,0.0055858216674712,0.0,1.0,0.0,0.0,1.0,1.0,0.0,0.0
2.083618181111059,0.436437780373499,2.3667145663915075,4.341464724656558,0.9093696941099778,4.931329500033722,0.1904779361373465,1.0329236521335377,5.601337838769741,0.0,0.0,0.0,0.0,0.0,0.0,0.0,0.0
0.5060541719852621,0.242886197850665,0.3294023782463036,0.2560908249836893,0.1229135737399668,0.1666954477734092,0.0589937051063523,0.0800072912152112,0.1085059267943208,0.0,0.0,0.0,0.0,0.0,0.0,0.0,0.0
-0.186588197672463,1.2880647434739685,0.0747383547281531,0.0348151555106581,-0.2403376789702511,-0.0139452949057312,1.6591107833806602,0.096267839710585,0.0055858216674712,0.0,1.0,0.0,0.0,0.0,0.0,0.0,0.0
-0.3504625753517355,0.5525687298871994,0.8387304252826046,0.1228240167221709,-0.1936546601351054,-0.293943624870398,0.3053322012491527,0.4634562058161594,0.7034687262947387,0.0,1.0,0.0,0.0,0.0,0.0,0.0,0.0
-0.5525743078228383,-1.0926197215568896,-0.4345896923081478,0.3053383656658889,0.6037535863528806,0.240143098414115,1.193817855935055,0.4748412686012228,0.1888682006604906,0.0,1.0,0.0,0.0,0.0,1.0,0.0,0.0
0.3858796283537956,0.3590171473643654,-0.1799256687899973,0.1489030875784634,0.1385374033976012,-0.0694296502039923,0.1288933121016464,-0.0645964003466104,0.0323732462895278,0.0,1.0,0.0,0.0,0.0,1.0,0.0,0.0
-0.0248988116955808,-1.0926197215568896,-0.4345896923081478,0.0006199508238519,0.0272049327019229,0.0108207669136209,1.193817855935055,0.4748412686012228,0.1888682006604906,0.0,0.0,0.0,0.0,0.0,1.0,0.0,0.0
-0.5077819779238372,0.436437780373499,0.0747383547281531,0.2578425371042442,-0.2216152393587445,-0.0379507895906349,0.1904779361373465,0.0326186416463223,0.0055858216674712,1.0,0.0,0.0,0.0,0.0,0.0,0.0,1.0
-0.506689482072642,1.1525786357079848,1.3480584723189055,0.2567342312430422,-0.5839994719748711,-0.6830470491429032,1.3284375114904796,1.5537433948799144,1.8172616447907808,0.0,0.0,1.0,0.0,0.0,1.0,0.0,0.0
-0.2586929238513429,-1.0926197215568896,-0.4345896923081478,0.0669220288507567,0.2826529904271919,0.1124252781788502,1.193817855935055,0.4748412686012228,0.1888682006604906,0.0,0.0,0.0,0.0,0.0,0.0,0.0,0.0
-0.142888363624657,-1.0926197215568896,-0.6892537158262982,0.0204170844593322,0.1561226440772923,0.0984863355766341,1.193817855935055,0.7530922030681815,0.4750706847803594,0.0,1.0,0.0,0.0,1.0,1.0,0.0,0.0
-0.3679425089708579,1.4429060094922357,0.5840664017644541,0.1353816899077699,-0.5309064573417018,-0.2149028572707944,2.081977752228808,0.8427529210484374,0.3411335616700767,1.0,0.0,0.0,0.0,0.0,1.0,0.0,0.0
1.1364242781248637,-0.2797030749609868,2.112050542873357,1.2914601399116177,-0.317861365051844,2.400185513548081,0.0782338101426314,-0.5907470313146994,4.460757495651642,1.0,0.0,0.0,0.0,1.0,0.0,0.0,0.0
-0.5613142746323995,-1.0926197215568896,-0.1799256687899973,0.3150737149060967,0.6133030464547597,0.1009948462646067,1.193817855935055,0.196590334134264,0.0323732462895278,0.0,0.0,1.0,0.0,0.0,0.0,0.0,0.0
-0.6803963224126709,-0.9377784555386224,1.3480584723189055,0.4629391555526872,0.6380610123863131,-0.9172140269630268,0.8794284316724039,-1.264180192146978,1.8172616447907808,0.0,0.0,1.0,0.0,0.0,0.0,0.0,1.0
0.5038691802828719,1.4816163259968025,0.5840664017644541,0.2538841508389332,0.7465408036737291,0.294293059087822,2.195186937460264,0.8653623163204229,0.3411335616700767,0.0,0.0,0.0,0.0,0.0,1.0,0.0,0.0
-0.3624800297148822,1.2106441104648349,0.5840664017644541,0.1313917719421019,-0.4388343131354404,-0.2117124066670436,1.4656591622031914,0.7070965494165244,0.3411335616700767,0.0,0.0,0.0,0.0,0.0,1.0,0.0,0.0
-0.7940158909369665,-1.0926197215568896,-0.1799256687899973,0.6304612350604246,0.8675574216672939,0.1428638402067193,1.193817855935055,0.196590334134264,0.0323732462895278,1.0,0.0,0.0,0.0,0.0,1.0,0.0,0.0
-0.5460193327156674,0.0686897735801144,-0.9439177393444488,0.2981371116992626,-0.0375059443346043,0.5153973341753372,0.0047182849944873,-0.0648374957938236,0.8909806986491348,0.0,1.0,0.0,0.0,0.0,0.0,0.0,0.0
-0.6825813141150612,-0.3571237079701204,-0.6892537158262982,0.4659172503790438,0.2437659698878881,0.4704717071074036,0.1275373427943278,0.2461488427280712,0.4750706847803594,1.0,0.0,0.0,0.0,0.0,1.0,0.0,0.0
3.597817430867537,0.5138584133826326,-0.1799256687899973,12.944290265854288,1.848768756665972,-0.6473397074331517,0.2640504690041165,-0.0924563186912371,0.0323732462895278,1.0,0.0,0.0,1.0,1.0,1.0,0.0,0.0
-0.6683788680495242,-0.5893856069975212,1.8573865193552064,0.4467303112551632,0.3939328848496849,-1.2414378993370785,0.3473753937358365,-1.0947168811391814,3.4498846822824483,0.0,1.0,0.0,0.0,0.0,1.0,0.0,0.0
-0.7437610817819895,-1.0345542468000393,-0.1799256687899973,0.5531805467735152,0.7694611857621486,0.1338217100595964,1.0703024895719966,0.186142864755029,0.0323732462895278,0.0,1.0,0.0,0.0,0.0,1.0,0.0,0.0
-0.6913212809246223,-1.0926197215568896,-0.1799256687899973,0.4779251134592605,0.755351265470213,0.1243864438191203,1.193817855935055,0.196590334134264,0.0323732462895278,0.0,1.0,0.0,0.0,0.0,1.0,0.0,0.0
-0.084986083511314,-1.0926197215568896,-1.9625738334170504,0.007222634390592,0.0928574709023425,0.1667914637039012,1.193817855935055,2.144346875402975,3.851696051613297,0.0,0.0,0.0,0.0,1.0,0.0,0.0,0.0
1.1571816992975716,1.5977472755105029,0.5840664017644541,1.3390694851892155,1.8488839073233088,0.6758709512964092,2.5527963564012346,0.9331905021363792,0.3411335616700767,0.0,0.0,0.0,0.0,1.0,0.0,0.0,0.0
-0.3155027081134907,0.242886197850665,-0.1799256687899973,0.0995419588269465,-0.0766312531852739,0.0567670357623751,0.0589937051063523,-0.0437014615881405,0.0323732462895278,0.0,1.0,0.0,0.0,0.0,0.0,1.0,0.0
0.2766300432342806,0.9009615784283006,-0.1799256687899973,0.0765241808197999,0.2492330403930465,-0.0497728455363338,0.8117317658040148,-0.1621061145528036,0.0323732462895278,1.0,0.0,0.0,1.0,1.0,0.0,0.0,1.0
-0.2696178823632944,1.1912889522125516,0.0747383547281531,0.0726938024900672,-0.321192804578336,-0.0201507969331213,1.419169367663679,0.0890349762941915,0.0055858216674712,0.0,0.0,0.0,0.0,0.0,0.0,1.0,0.0
-0.38323745088759,-0.2603479167087034,-0.1799256687899973,0.1468709437628179,0.0997750719433381,0.0689542546563234,0.0677810377345619,0.0468432730318959,0.0323732462895278,0.0,0.0,0.0,1.0,0.0,0.0,1.0,0.0
-0.6246790340017182,-1.0926197215568896,-0.4345896923081478,0.3902238955213198,0.6825366321933841,0.2714790691781577,1.193817855935055,0.4748412686012228,0.1888682006604906,0.0,1.0,0.0,0.0,0.0,1.0,0.0,0.0
1.0490246100292515,1.7912988580333369,-0.6892537158262982,1.1004526324470236,1.879116585994265,-0.7230441104558952,3.2087515987915367,-1.2346593940548822,0.4750706847803594,0.0,0.0,0.0,0.0,0.0,0.0,0.0,1.0
0.1783054166267171,1.2493544269694017,1.093394448800755,0.0317928215984271,0.2227666616152125,0.1949581527307583,1.560886484188042,1.366037195032992,1.1955114206683068,0.0,1.0,0.0,0.0,1.0,1.0,0.0,0.0
-0.1953281644820242,1.0364476861942844,0.0747383547281531,0.0381530918399167,-0.2024474241259706,-0.0145985056454565,1.0742238062174858,0.0774623948279619,0.0055858216674712,0.0,0.0,0.0,1.0,0.0,1.0,0.0,0.0
-0.0008639029692875,0.6106342046440496,1.3480584723189055,7.46328340343762e-07,-0.0005275287025405,-0.0011645917170094,0.372874131881271,0.8231706130581274,1.8172616447907808,0.0,1.0,0.0,0.0,0.0,1.0,0.0,0.0
0.4284869665504064,1.4235508512399522,0.5840664017644541,0.1836010805035691,0.609972985978056,0.2502648407560619,2.0264970260659925,0.8314482234124446,0.3411335616700767,0.0,0.0,0.0,0.0,0.0,0.0,0.0,0.0
-0.2149930898035369,-0.2216376002041366,-0.1799256687899973,0.0462220286632716,0.0476505524845283,0.0386827754681293,0.0491232258242486,0.0398782934457393,0.0323732462895278,0.0,1.0,0.0,0.0,1.0,0.0,1.0,0.0
0.2023403253530104,-0.4151891827269706,0.0747383547281531,0.0409416072639621,-0.0840095143160257,0.0151225830120432,0.1723820574534897,-0.0310305564179403,0.0055858216674712,0.0,1.0,0.0,0.0,1.0,1.0,0.0,0.0
-0.7415760900795992,-1.0926197215568896,2.112050542873357,0.5499350973777459,0.8102606610560186,-1.566246183634519,1.193817855935055,-2.3076680760683645,4.460757495651642,0.0,1.0,0.0,0.0,0.0,0.0,0.0,0.0
0.4022670661217228,-1.0926197215568896,-0.4345896923081478,0.1618187924861785,-0.4395249297774237,-0.1748211204915409,1.193817855935055,0.4748412686012228,0.1888682006604906,0.0,0.0,0.0,0.0,1.0,0.0,0.0,1.0
-0.3023927578991489,0.3203068308597986,0.0747383547281531,0.0914413800298533,-0.0968584659576307,-0.0226003372070911,0.1025964658954476,0.0239392055466501,0.0055858216674712,0.0,0.0,0.0,0.0,0.0,0.0,0.0,0.0
-0.6006441252754249,-0.434544340979254,-0.9439177393444488,0.3607733652278803,0.2610065055808699,0.566958644880503,0.1888287842770941,0.4101741119820607,0.8909806986491348,0.0,1.0,0.0,1.0,0.0,0.0,0.0,1.0
1.6968746497879756,0.9396718949328674,-1.4532457863807495,2.879383577093065,1.5945054176298128,-2.465975934820686,0.8829832701267258,-1.365574221891604,2.111923315633404,0.0,0.0,0.0,1.0,1.0,1.0,0.0,0.0
-0.6334190008112794,-0.8603578225294888,-2.2172378569352014,0.4012196305887596,0.5449669922867969,1.4044405879008377,0.7402155827876833,1.90761793462272,4.916143714226605,0.0,0.0,0.0,0.0,0.0,0.0,0.0,0.0
-0.6858588016686465,0.6493445211486164,0.3294023782463036,0.4704022958263518,-0.4453586551450911,-0.225923520410812,0.4216483071457259,0.2138956295675614,0.1085059267943208,0.0,1.0,0.0,0.0,0.0,0.0,0.0,0.0
-0.3734049882268336,-0.2797030749609868,-0.1799256687899973,0.1394312852326817,0.1044425234128164,0.0671851422362341,0.0782338101426314,0.0503257628249743,0.0323732462895278,1.0,0.0,0.0,0.0,0.0,1.0,0.0,0.0
0.9091851410762724,0.5138584133826326,0.5840664017644541,0.8266176207538815,0.4671924340645184,0.531024493886126,0.2640504690041165,0.3001274345207856,0.3411335616700767,0.0,0.0,0.0,1.0,0.0,0.0,0.0,1.0
-0.3624800297148822,0.920316736680584,1.093394448800755,0.1313917719421019,-0.3335964380590815,-0.3963336522913849,0.8469828958143993,1.006269211024977,1.1955114206683068,0.0,1.0,0.0,0.0,0.0,1.0,0.0,0.0
-0.0904485627672898,-0.4732546574838208,-1.4532457863807495,0.0081809425066683,0.0428052035923376,0.1314439927257586,0.2239699708301285,0.6877553368734275,2.111923315633404,0.0,1.0,0.0,1.0,1.0,0.0,0.0,0.0
-0.1854957018212678,1.171933793960268,0.3294023782463036,0.0344086553941647,-0.217388681598721,-0.0611027253343928,1.373428817426108,0.3860377788777258,0.1085059267943208,0.0,0.0,0.0,0.0,0.0,0.0,0.0,0.0
-0.4160123264234445,-0.3571237079701204,-1.4532457863807495,0.1730662557362465,0.1485678645736166,0.6045681604573239,0.1275373427943278,0.5189885238242469,2.111923315633404,1.0,0.0,0.0,1.0,0.0,1.0,0.0,0.0
1.5810700895612897,2.391308763854122,-0.4345896923081478,2.499782628105345,3.780826761435534,-0.6871167637400566,5.71835760408553,-1.0392381398971402,0.1888682006604906,0.0,0.0,0.0,0.0,1.0,0.0,1.0,0.0
-0.6203090505969376,-1.0926197215568896,0.0747383547281531,0.3847833182524741,0.6777619021424446,-0.0463608778645978,1.193817855935055,-0.0816606003326947,0.0055858216674712,1.0,0.0,0.0,0.0,0.0,0.0,0.0,0.0
-0.5525743078228383,-0.7635820312680718,-1.7079098098989005,0.3053383656658889,0.4219358123939116,0.9437470810287204,0.5830575184754746,1.3041292418652686,2.9169559187488976,1.0,0.0,0.0,0.0,0.0,0.0,0.0,0.0
-0.2499529570417817,-0.8410026642772054,0.0747383547281531,0.0624764807339307,0.2102111028161042,-0.0186810727687395,0.7072854813213578,-0.0628551554500716,0.0055858216674712,1.0,0.0,0.0,0.0,1.0,0.0,0.0,0.0
-0.2193630732083175,1.5009714842490858,0.5840664017644541,0.0481201578873976,-0.3292577175829292,-0.1281226008487745,2.252915396528904,0.8766670139564156,0.3411335616700767,0.0,0.0,1.0,0.0,0.0,0.0,0.0,0.0
0.818507985427075,-0.1635721254472864,0.5840664017644541,0.6699553222078889,-0.1338850908718832,0.4780630138638639,0.0267558402233427,-0.0955369827389604,0.3411335616700767,1.0,0.0,0.0,0.0,1.0,1.0,0.0,0.0
0.6163962529559723,0.7848306289146002,-0.4345896923081478,0.379944340658163,0.4837666588680387,-0.2678794579120312,0.6159591160824869,-0.3410793015340062,0.1888682006604906,0.0,1.0,0.0,1.0,1.0,1.0,0.0,0.0
0.2198202589721328,-1.0926197215568896,-0.9439177393444488,0.0483209462545755,-0.2401799501506951,-0.2074922419110869,1.193817855935055,1.0313431375351405,0.8909806986491348,0.0,1.0,0.0,0.0,1.0,1.0,0.0,0.0
0.1072931862990323,1.6751679085196365,0.8387304252826046,0.0115118278261988,0.1797341024909577,0.0899900597745131,2.8061875217340533,1.405014292332446,0.7034687262947387,0.0,0.0,1.0,0.0,1.0,1.0,0.0,0.0
-0.6148465713409619,-0.9764887720431892,0.0747383547281531,0.3780363062897365,0.600390773443701,-0.0459526211522695,0.9535303219264156,-0.0729811642330225,0.0055858216674712,0.0,1.0,0.0,0.0,0.0,0.0,0.0,1.0
1.3002986558041365,0.0686897735801144,-0.6892537158262982,1.6907765942860438,0.0893172202537132,-0.8962356801969418,0.0047182849944873,-0.0473446816793609,0.4750706847803594,0.0,0.0,0.0,0.0,1.0,0.0,0.0,0.0
-0.1734782474581212,-0.3184133914655536,-0.9439177393444488,0.0300947023411411,0.0552377971186409,0.1637491951661066,0.1013870878645958,0.3005560486491643,0.8909806986491348,0.0,0.0,0.0,1.0,0.0,0.0,0.0,1.0
1.5045953799776293,1.5396818007536526,-0.1799256687899973,2.2638072574500265,2.3165981240495825,-0.2707153300008151,2.3706200475720105,-0.2770282777243883,0.0323732462895278,0.0,0.0,1.0,0.0,1.0,1.0,0.0,0.0
0.5737889147593614,-0.0280860176813025,-1.1985817628625992,0.3292337187007257,-0.0161154456052668,-0.6877329289632931,0.0007888243891944,0.0336633885842457,1.436598242266816,0.0,1.0,0.0,0.0,0.0,1.0,0.0,0.0
-0.3078552371551247,-1.0926197215568896,1.8573865193552064,0.094774847043838,0.3363687035002625,-0.5718061674048287,1.193817855935055,-2.0294171416014057,3.4498846822824483,0.0,0.0,0.0,1.0,1.0,1.0,0.0,0.0
-0.7044312311389641,-0.724871714763505,-0.9439177393444488,0.4962233594039567,0.5106222744486678,0.6649251352203178,0.5254390028641841,0.6842192703143017,0.8909806986491348,1.0,0.0,0.0,0.0,0.0,1.0,0.0,0.0
0.2831850183414515,1.655812750267353,0.0747383547281531,0.0801937546130482,0.4689013640544697,0.0211647823545019,2.7417158639479355,0.1237527206928802,0.0055858216674712,0.0,1.0,0.0,0.0,1.0,0.0,0.0,0.0
-0.5034119945190565,-0.724871714763505,-1.7079098098989005,0.2534236362256545,0.3649091156995446,0.859782283859868,0.5254390028641841,1.2380155125628276,2.9169559187488976,0.0,1.0,0.0,0.0,0.0,0.0,0.0,0.0
0.3181448855796963,-0.0087308594290191,-0.1799256687899973,0.101216168220518,-0.0027776782740577,-0.057242431310044,7.62279063692934e-05,0.0015709057218777,0.0323732462895278,1.0,0.0,0.0,0.0,1.0,0.0,0.0,0.0
-0.2444904777858059,-0.1055066506904361,-0.1799256687899973,0.0597755937279316,0.0257953714368848,0.0439901127283971,0.0111316533399137,0.0189833546872693,0.0323732462895278,0.0,1.0,0.0,0.0,1.0,0.0,0.0,0.0
2.4135519281719944,2.217112339583572,-0.4345896923081478,5.825232909982752,5.351115762175851,-1.0489047898340038,4.9155871263337385,-0.963534169472222,0.1888682006604906,0.0,0.0,0.0,0.0,1.0,0.0,1.0,0.0
-0.3810524591851997,-1.0926197215568896,0.0747383547281531,0.1452009766510882,0.4163454318535009,-0.0284792338646185,1.193817855935055,-0.0816606003326947,0.0055858216674712,0.0,1.0,0.0,0.0,0.0,0.0,0.0,0.0
-0.4083648554650785,0.436437780373499,0.5840664017644541,0.1667618551790144,-0.1782258511017236,-0.2385121917385498,0.1904779361373465,0.2549086439768147,0.3411335616700767,0.0,1.0,0.0,0.0,0.0,1.0,0.0,0.0
